{
    "transform": [
        [
            0.9999003410339355,
            0.014116261154413223,
            -0.00020899425726383924,
            1.1919740927623934e-07
        ],
        [
            -0.00020899425726383924,
            0.02960246242582798,
            0.9995617270469666,
            -2.491405692861548e-11
        ],
        [
            0.014116261154413223,
            -0.9994620680809021,
            0.02960246242582798,
            1.6827894633308915e-09
        ]
    ],
    "scale": 0.1579214019572702
}