{
    "transform": [
        [
            0.9993084669113159,
            -0.03717735782265663,
            0.0006848547491244972,
            0.0
        ],
        [
            0.0006848547491244972,
            0.036817342042922974,
            0.9993217587471008,
            0.0
        ],
        [
            -0.03717735782265663,
            -0.9986302256584167,
            0.036817342042922974,
            0.0
        ]
    ],
    "scale": 0.20363619132568817
}