{
    "transform": [
        [
            0.9982832670211792,
            -0.058536604046821594,
            -0.001983246300369501,
            -4.7776307354752134e-08
        ],
        [
            -0.001983246300369501,
            -0.06762510538101196,
            0.9977088570594788,
            -1.0696996760595212e-10
        ],
        [
            -0.058536604046821594,
            -0.995992124080658,
            -0.06762510538101196,
            -1.7704504529092446e-10
        ]
    ],
    "scale": 0.19035055274356774
}