{
    "transform": [
        [
            0.9999991059303284,
            0.0013221751432865858,
            4.560739762382582e-05,
            -3.9526241835119436e-08
        ],
        [
            4.560739762382582e-05,
            -0.06890641897916794,
            0.9976231455802917,
            -1.0954192219969627e-08
        ],
        [
            0.0013221751432865858,
            -0.9976222515106201,
            -0.06890641897916794,
            -1.5862032398672454e-07
        ]
    ],
    "scale": 0.17288795611453867
}