{
    "transform": [
        [
            0.9998723268508911,
            0.015966052189469337,
            -0.00067079410655424,
            -0.14042764902114868
        ],
        [
            -0.00067079410655424,
            0.08387412875890732,
            0.9964761137962341,
            0.07917433232069016
        ],
        [
            0.015966052189469337,
            -0.9963484406471252,
            0.08387412875890732,
            0.10202258080244064
        ]
    ],
    "scale": 0.23139008802005898
}