{
    "transform": [
        [
            0.9981764554977417,
            -0.06012231856584549,
            0.005386768374592066,
            0.07387480139732361
        ],
        [
            0.005386768374592066,
            0.17760451138019562,
            0.9840872287750244,
            0.21817250549793243
        ],
        [
            -0.06012231856584549,
            -0.9822636842727661,
            0.17760451138019562,
            -0.048918139189481735
        ]
    ],
    "scale": 0.21827814238676146
}