{
    "transform": [
        [
            0.9999178647994995,
            0.012784837745130062,
            -0.000928957830183208,
            -0.05525711178779602
        ],
        [
            -0.000928957830183208,
            0.14455264806747437,
            0.989496648311615,
            0.0724261924624443
        ],
        [
            0.012784837745130062,
            -0.9894145131111145,
            0.14455264806747437,
            0.33336567878723145
        ]
    ],
    "scale": 0.1867813624770704
}