{
    "transform": [
        [
            0.9999750852584839,
            0.007031625136733055,
            -0.0006355714285746217,
            4.4597582571359595e-11
        ],
        [
            -0.0006355714285746217,
            0.1793079525232315,
            0.983792781829834,
            4.087367599936442e-08
        ],
        [
            0.007031625136733055,
            -0.9837678670883179,
            0.1793079525232315,
            -2.6477984249595465e-09
        ]
    ],
    "scale": 0.17107529549137104
}