{
    "transform": [
        [
            0.9974381327629089,
            0.07148633152246475,
            0.0026243168395012617,
            39.10552215576172
        ],
        [
            0.0026243168395012617,
            -0.07322876155376434,
            0.9973117113113403,
            -26.98379135131836
        ],
        [
            0.07148633152246475,
            -0.9947498440742493,
            -0.07322876155376434,
            4.995450019836426
        ]
    ],
    "scale": 0.0002848972331999315
}