{
    "transform": [
        [
            0.999717116355896,
            0.023709725588560104,
            -0.0018939129076898098,
            0.0
        ],
        [
            -0.0018939129076898098,
            0.15872298181056976,
            0.9873213171958923,
            0.0
        ],
        [
            0.023709725588560104,
            -0.9870384335517883,
            0.15872298181056976,
            0.0
        ]
    ],
    "scale": 0.1986702468296535
}