{
    "transform": [
        [
            0.9998365640640259,
            0.018063651397824287,
            -0.0007271308568306267,
            -0.16715627908706665
        ],
        [
            -0.0007271308568306267,
            0.08037079870700836,
            0.9967647790908813,
            0.1378815919160843
        ],
        [
            0.018063651397824287,
            -0.9966013431549072,
            0.08037079870700836,
            -0.1568882316350937
        ]
    ],
    "scale": 0.05401802654640314
}