{
    "transform": [
        [
            0.9999887347221375,
            0.004738846328109503,
            -0.00013221085828263313,
            -3.9401906216929294e-12
        ],
        [
            -0.00013221085828263313,
            0.05575503781437874,
            0.9984444975852966,
            2.9755964803257484e-08
        ],
        [
            0.004738846328109503,
            -0.9984332323074341,
            0.05575503781437874,
            1.6616296116822582e-09
        ]
    ],
    "scale": 0.22916938947230386
}