{
    "transform": [
        [
            0.9995619654655457,
            0.029587602242827415,
            0.00070821592817083,
            1.985247699565207e-08
        ],
        [
            0.00070821592817083,
            -0.04783458635210991,
            0.9988549947738647,
            -9.908661446900169e-09
        ],
        [
            0.029587602242827415,
            -0.9984169602394104,
            -0.04783458635210991,
            1.0630467617289696e-09
        ]
    ],
    "scale": 0.17845939351690485
}