{
    "transform": [
        [
            1.0,
            -6.807037711276109e-10,
            -6.807037711276109e-10,
            1.1041419334389957e-08
        ],
        [
            -6.807037711276109e-10,
            0.0,
            -1.0,
            1.0837208463954084e-08
        ],
        [
            6.807037711276109e-10,
            1.0,
            0.0,
            -0.30000001192092896
        ]
    ],
    "scale": 0.3333333333333333
}