{
    "transform": [
        [
            0.9994463920593262,
            0.03319813311100006,
            -0.0021838448010385036,
            -7.951564384711673e-08
        ],
        [
            -0.0021838448010385036,
            0.13096117973327637,
            0.9913851022720337,
            3.956766292390057e-08
        ],
        [
            0.03319813311100006,
            -0.9908314943313599,
            0.13096117973327637,
            2.565579082514091e-09
        ]
    ],
    "scale": 0.1774892866700396
}