{
    "transform": [
        [
            0.9999892115592957,
            0.0046486384235322475,
            -0.00012421770952641964,
            -1.108321767695486e-09
        ],
        [
            -0.00012421770952641964,
            0.053404200822114944,
            0.9985729455947876,
            -1.2732553678063141e-08
        ],
        [
            0.0046486384235322475,
            -0.9985621571540833,
            0.053404200822114944,
            2.3807577065326768e-07
        ]
    ],
    "scale": 0.22742952662841892
}