{
    "transform": [
        [
            0.9960106015205383,
            -0.08922865986824036,
            0.0010452064452692866,
            -7.273622035980225
        ],
        [
            0.0010452064452692866,
            0.023377656936645508,
            0.9997261762619019,
            -3.1076622009277344
        ],
        [
            -0.08922865986824036,
            -0.9957367777824402,
            0.023377656936645508,
            -3.5328938961029053
        ]
    ],
    "scale": 0.011651711331767529
}