{
    "transform": [
        [
            0.9999544620513916,
            -0.009523953311145306,
            0.0006370940245687962,
            0.008213388733565807
        ],
        [
            0.0006370940245687962,
            0.13318867981433868,
            0.9910904765129089,
            -0.0867268368601799
        ],
        [
            -0.009523953311145306,
            -0.9910449385643005,
            0.13318867981433868,
            0.10914967954158783
        ]
    ],
    "scale": 0.25791203426624026
}