{
    "transform": [
        [
            0.9996531009674072,
            -0.026313060894608498,
            -0.0011206221533939242,
            -5.566190737493759e-12
        ],
        [
            -0.0011206221533939242,
            -0.08500715345144272,
            0.9963797330856323,
            4.94907181902704e-09
        ],
        [
            -0.026313060894608498,
            -0.9960328340530396,
            -0.08500715345144272,
            -4.2223510798855557e-10
        ]
    ],
    "scale": 0.17434706684607235
}