{
    "transform": [
        [
            0.9999270439147949,
            0.012060760520398617,
            -0.0006855294341221452,
            -0.03648107126355171
        ],
        [
            -0.0006855294341221452,
            0.11330907791852951,
            0.9935595393180847,
            0.13537505269050598
        ],
        [
            0.012060760520398617,
            -0.9934865832328796,
            0.11330907791852951,
            -0.015187754295766354
        ]
    ],
    "scale": 0.1334715770379082
}