{
    "transform": [
        [
            0.999871015548706,
            0.01601145789027214,
            -0.0012448177440091968,
            7.949267200046961e-08
        ],
        [
            -0.0012448177440091968,
            0.15454672276973724,
            0.9879847168922424,
            3.992769848082389e-08
        ],
        [
            0.01601145789027214,
            -0.9878557324409485,
            0.15454672276973724,
            2.506878704622295e-09
        ]
    ],
    "scale": 0.17618984848687247
}